brand,delivered_on_time,delivery_time,image,name,name_seller,positive_rating,price,response_rate,transport_fee
DINCOX,99%,1 - 5 ngÃ y,//vn-live-05.slatic.net/p/11e0d48e115d546486be6625dc580432.png_720x720q80.jpg_.webp,GiÃ y Sneaker Váº£i Canvas Dincox Unisex D21 Black,DINCOX SHOES OFFICIAL STORE,99%,329.000 â‚«,97%,12.900 â‚«
No Brand,99%,3 - 8 ngÃ y,//vn-live-05.slatic.net/p/52807d078e68e00e8e3249a7f39e324f.jpg_720x720q80.jpg_.webp,GiÃ y Sneaker Váº£i Cao Cá»• Nam Ná»¯ HÃ n Quá»‘c - GiÃ y Thá»ƒ  Váº£i Nam Ná»¯ HÃ n Quá»‘c - GiÃ y ÄÃ´i - GiÃ y Cao Cá»• - GiÃ y Váº£i - (GIÃ Cá»°C Ráºº),HEROS VN,90%,79.000 â‚«,100%,44.000 â‚«
No Brand,99%,3 - 7 ngÃ y,//vn-live-05.slatic.net/p/4db6c9f651ead650f1a157c1231bc55a.jpg_720x720q80.jpg_.webp,"GiÃ y nam, giÃ y sneaker thá»ƒ thao nam há»a tiáº¿t Ä‘á»™c Ä‘Ã¡o siÃªu pháº©m 2021 - AVISHOP 392",GiÃ y avi 123,96%,129.000 â‚«,100%,24.000 â‚«
No Brand,98%,3 - 8 ngÃ y,//vn-live-05.slatic.net/p/5eab37df950677ce643c3b30dad0de1f.jpg_720x720q80.jpg_.webp,"[ ğ’ğ€ğ‹ğ„ Äáº¬ğŒ ] GiÃ y thá»ƒ thao Jordan 1 High Twist ( Panda ) Äen Tráº¯ng, GiÃ y JORDAN Ä‘en tráº¯ng cao",BALI Sneaker,94%,149.000 â‚«,99%,31.900 â‚«
Moai,86%,8 - 17 ngÃ y,//my-live-05.slatic.net/p/56780e2435defe49e5d6f3a8ec57c8dd.jpg_720x720q80.jpg_.webp,"Moai GiÃ y Thá»ƒ Thao Unisex, GiÃ y Cháº¡y Bá»™ Sneakers GiÃ y Thá»ƒ Thao Nam GiÃ y LÆ°á»›i MÃ¹a HÃ¨ (Cá»¡ 36-44)",Moai,97%,224.100 â‚«,66%,22.000 â‚«
No Brand,98%,3 - 7 ngÃ y,//vn-live-05.slatic.net/p/f5949a7bb56a187ae5b7f282e0377f3e.jpg_720x720q80.jpg_.webp,GiÃ y nam Y3 kiá»ƒu dÃ¡ng thá»ƒ thao khá»e khoáº¯n viá»n pháº£n quang ná»•i báº­t,GiayNhapKhau68,97%,151.000 â‚«,96%,40.000 â‚«
No Brand,97%,3 - 7 ngÃ y,//vn-live-05.slatic.net/p/d0cc87acb2c2f9cedf0f9d6fd94ba86b.jpg_720x720q80.jpg_.webp,GiÃ y Af1 Nam Ná»¯  ğŸ’ Giáº§y Sneaker thá»ƒ thao giÃ¡ ráº» mÃ u tráº¯ng Full Box,Ly Fashion 1582650104,95%,138.000 â‚«,100%,24.000 â‚«
No Brand,100%,3 - 7 ngÃ y,//vn-live-05.slatic.net/p/a16d30bf841d53c18d4ecc91457e8cca.jpg_720x720q80.jpg_.webp,GiÃ y thá»ƒ thao sneaker nam váº£i dá»‡t thoÃ¡ng khÃ­ Ä‘áº¿ thÃ´ng hÆ¡i Ãªm chÃ¢n khá»§ mÃ¹i TLH HÃ€NG FULL Há»˜P-TLH LOGISTICS,TLH LOGISTICS,96%,20.000 â‚«,99%,24.000 â‚«
No Brand,100%,3 - 7 ngÃ y,//vn-live-05.slatic.net/p/a16d30bf841d53c18d4ecc91457e8cca.jpg_720x720q80.jpg_.webp,"GiÃ y nam máº«u má»›i hot trend 2021 giÃ y nam thá»i trang tráº», phong cÃ¡ch lá»‹ch lÃ£m TLH HÃ€NG FULL Há»˜P-TLH LOGISTICS",TLH LOGISTICS,96%,20.000 â‚«,99%,24.000 â‚«
No Brand,KhÃ´ng Ä‘á»§ thÃ´ng tin,1 - 5 ngÃ y,//vn-live-05.slatic.net/p/d7275619653f31b8c7fdf1cef11c712a.jpg_720x720q80.jpg_.webp,[HCM]GIÃ€Y SNEAKER JD FULL 36 - 43,OKI SHOP,,350.000 â‚«,KhÃ´ng Ä‘á»§ thÃ´ng tin,12.900 â‚«
No Brand,100%,1 - 5 ngÃ y,//vn-live-05.slatic.net/p/cd5686052649503076a5a31b426722aa.jpg_720x720q80.jpg_.webp,[HCM]GiÃ y Nam Thá»ƒ Thao ADORA (xÃ¡m - Ä‘en) GN331,Adora,89%,151.000 â‚«,100%,12.900 â‚«
No Brand,73%,3 - 7 ngÃ y,//vn-live-05.slatic.net/p/fb8d88edcc6b1209de372336d19d3997.jpg_720x720q80.jpg_.webp,"(HOTTREND 2021) GIÃ€Y THá»‚ THAO NAM, Ná»® - GIÃ€Y SNEAKER UNISEX AF1 TRáº®NG, KIá»‚U DÃNG THá»œI TRANG Äáº²NG Cáº¤P - EXPORT SHOES 2021",Export Shoes,89%,119.000 â‚«,91%,23.000 â‚«
No Brand,90%,3 - 6 ngÃ y,https://filebroker-s.slatic.net/S3f6022b0980a43728c30ee837af5dcaci.jpg_720x720q80.jpg_.webp,Sale Tá»“n kho GiÃ y Sneaker Adidas Stan Smiths gÃ³t xanh,TUSTENE STREET WEAR,90%,139.000 â‚«,100%,17.600 â‚«
No Brand,99%,3 - 7 ngÃ y,//vn-live-05.slatic.net/p/e20b5745df20450f2a0919b671171354.jpg_720x720q80.jpg_.webp,"GiÃ y Thá»ƒ Thao Nam Sneaker Hot Trend 2021 TAIKI - GN92, Kiá»ƒu DÃ¡ng NÄƒng Äá»™ng Tráº» Trung, Cháº¥t Liá»‡u Cao Su Tá»•ng Há»£p Bá»n Äáº¹p, ÃŠm ChÃ¢n",TAIKI,96%,169.000 â‚«,95%,22.000 â‚«
No Brand,99%,1 - 5 ngÃ y,//vn-live-05.slatic.net/p/561840c9cf84d3838d6939cbc9a3e57c.jpg_720x720q80.jpg_.webp,[HCM]GiÃ y Sneaker Váº£i Canvas CV1 Cá»• Tháº¥p Nam MÃ u Full Äen,Ancora,98%,146.000 â‚«,100%,12.900 â‚«
No Brand,KhÃ´ng Ä‘á»§ thÃ´ng tin,3 - 8 ngÃ y,//vn-live-05.slatic.net/p/29dbed25f664818081aafe0f0290af85.jpg_720x720q80.jpg_.webp,[ CHUYÃŠN Sá»ˆ ] GiÃ y Thá»ƒ Thao sneaker MC GÃ³t Äen Nam Ná»¯ Full Size 35-43 | GIAY VINH TRÃ‚M,GIAY VINH TRÃ‚M 1611200150,96%,119.000 â‚«,KhÃ´ng Ä‘á»§ thÃ´ng tin,44.000 â‚«
Pettino,99%,3 - 7 ngÃ y,//vn-live-05.slatic.net/p/dceb8721781a099b9f501d56766f2332.jpg_720x720q80.jpg_.webp,"GiÃ y thá»ƒ thao nam, giÃ y nam Ä‘áº¹p, váº£i sá»£i káº¿t há»£p dáº£i lÆ°á»›i thoÃ¡ng khÃ­, thá»i trang PETTINO - LLPZS03",Pettino,90%,106.000 â‚«,100%,22.000 â‚«
No Brand,96%,3 - 8 ngÃ y,//vn-live-05.slatic.net/p/5e6ac7b1e286d2c218f326f208d9ea77.jpg_720x720q80.jpg_.webp,"[GIÃ CTV] GiÃ y MLB Ny Äen , Báº£n Ä‘áº¹p Full box Full sz Nam Ná»¯ Hoot Trend",TÃº GiÃ y GiÃ¡ CTV,93%,140.000 â‚«,90%,31.900 â‚«
No Brand,99%,3 - 7 ngÃ y,//vn-live-05.slatic.net/p/f70272c38933864ef34c4a753df70b39.jpg_720x720q80.jpg_.webp,"GiÃ y Sneaker Nam Thá»ƒ Thao TÄƒng 5cm Chiá»u Cao, GiÃ y Nam Xu HÆ°á»›ng Thu ÄÃ´ng 2021 SP - 401 ( Nhiá»u MÃ u)",GiÃ y avi 123,96%,129.000 â‚«,100%,24.000 â‚«
No Brand,98%,3 - 8 ngÃ y,//vn-live-05.slatic.net/p/ba363576b8572f5dc1e863b35bb50af7.jpg_720x720q80.jpg_.webp,"GiÃ y ğ‰ğ¨ğ«ğğšğ§ 1 cá»• cao âš¡ï¸Tá»”NG Há»¢Pâš¡ï¸GiÃ y thá»ƒ thao jodan, GiÃ y sneaker JD1 high cÃ¡c mÃ u",BALI Sneaker,94%,189.000 â‚«,99%,31.900 â‚«
Biti's,99%,3 - 7 ngÃ y,//vn-live-05.slatic.net/p/1f7c1b755e2f179f9cc4cb4c36b5eba2.jpg_720x720q80.jpg_.webp,GiÃ y Thá»ƒ Thao Nam   X 2k19 - Jet Black DSMH02200DEN (Äen),VnBestShop,97%,778.000 â‚«,100%,24.000 â‚«
No Brand,76%,3 - 7 ngÃ y,//vn-live-05.slatic.net/p/3065a5b900249f6db1ed94b258dda6cf.jpg_720x720q80.jpg_.webp,[Táº·ng táº¥t + Há»™p Ä‘áº¹p] GiÃ y Thá»ƒ Thao Sneaker Nam Ná»¯ BÃ³ng Rá»• Nike Jordan1 Tháº¥p Cá»• MÃ u Ghi,Roy 132,92%,219.000 â‚«,KhÃ´ng Ä‘á»§ thÃ´ng tin,24.000 â‚«
No Brand,98%,10 - 17 ngÃ y,//my-live-05.slatic.net/p/21e8bca259e803716ce1fe074b125ac7.jpg_720x720q80.jpg_.webp,GiÃ y thá»ƒ thao nam cháº¥t váº£i lÆ°á»›i thoÃ¡ng khÃ­ + Ä‘áº¿ cao su chá»‘ng trÆ¡n trÆ°á»£t Ãªm chÃ¢n phong cÃ¡ch HÃ n Quá»‘c nÄƒng Ä‘á»™ng tráº» trung - INTL,Faith Boutique Shoes,93%,199.000 â‚«,94%,22.000 â‚«
No Brand,98%,3 - 8 ngÃ y,//vn-live-05.slatic.net/p/2b0e3135963233e4d6be04369db94260.jpg_720x720q80.jpg_.webp,"GiÃ y Jordan hyper royal xanh ná»‰ cao cá»• má»›i, GiÃ y JD1 xanh loang nam ná»¯ hot nháº¥t 2021- HÃ ng chuáº©n Full Box Bill",BALI Sneaker,94%,159.000 â‚«,99%,31.900 â‚«
No Brand,98%,3 - 8 ngÃ y,//vn-live-05.slatic.net/p/8ad81fc9886dad6c36f606facc9181e6.jpg_720x720q80.jpg_.webp,"[Full Box Bill] GiÃ y thá»ƒ thao nike_gucci, GiÃ y AF1 GC xanh Ä‘á» nam ná»¯ cao cáº¥p siÃªu hot 2021",BALI Sneaker,94%,149.000 â‚«,99%,31.900 â‚«
OEM,89%,8 - 17 ngÃ y,//my-live-05.slatic.net/p/3e9ae42bea851553b5770129e8bd1db6.jpg_720x720q80.jpg_.webp,GiÃ y Thá»ƒ Thao Cá»• Cao GiÃ y Thá»ƒ Thao Váº£i Bá»‘ Thá»i Trang Nam GiÃ y MÃ u VÃ ng GiÃ y Nam Thiáº¿t Káº¿ GiÃ y Nam Ngáº§u GiÃ y Thá»ƒ Thao Thá»i Trang Nam,Angel mall,86%,191.250 â‚«,88%,22.000 â‚«
No Brand,99%,3 - 7 ngÃ y,//vn-live-05.slatic.net/p/233c48b1557f2aa34f50ee68a4ed5fba.jpg_720x720q80.jpg_.webp,GiÃ y sneaker nam CV C1927 sÆ°á»n chá»¯ gÃ³t mÅ©i tÃªn cá»±c Ä‘á»™c,Sudoo,94%,104.000 â‚«,98%,23.000 â‚«
No Brand,94%,1 - 5 ngÃ y,//vn-live-05.slatic.net/p/138caf6c3d220e7336247196e86f853b.png_720x720q80.jpg_.webp,[Táº·ng BOX+Vá»š] GiÃ y CONVERSE CLASSIC ÄEN Cá»” THáº¤P (nam-ná»¯) - GiÃ y Sneaker CONVERSE ÄEN THáº¤P hÃ ng SupF,Unboxing Store,93%,239.000 â‚«,100%,13.900 â‚«
No Brand,97%,3 - 7 ngÃ y,//vn-live-05.slatic.net/p/8505965929ec1cb6814cf8bc1e2f7ffb.jpg_720x720q80.jpg_.webp,GiÃ y nam cao cá»• SUP kiá»ƒu dÃ¡ng máº¡nh máº½ cÃ¡ tÃ­nh phong cÃ¡ch bá»¥i báº·m cÃ³ Ä‘ai Ä‘iá»ƒm nháº¥n ná»•i báº­t,GiayDep.98,96%,139.000 â‚«,98%,23.000 â‚«
No Brand,99%,3 - 7 ngÃ y,//vn-live-05.slatic.net/p/9092cb110fc5a3af1391b12e7bb83ae3.jpg_720x720q80.jpg_.webp,GiÃ y thá»ƒ thao nam KM8 pendi cÃ³ 2 mÃ u Ä‘en phá»‘i tráº¯ng Ä‘á» cháº¥t váº£i cao cáº¥p thoÃ¡ng khÃ­ Ä‘áº¿ cao su siÃªu má»m thoáº£i mÃ¡i khi mang sá»­ dá»¥ng Ä‘i há»c Ä‘i lÃ m thá»ƒ dá»¥c táº­p gym cháº¡y bá»™,GiÃ y Sneaker Ná»¯ 1586333885,92%,55.000 â‚«,98%,22.000 â‚«
No Brand,100%,3 - 7 ngÃ y,//vn-live-05.slatic.net/p/f85dc47d30394f212c8114fdca6c87c5.jpg_720x720q80.jpg_.webp,"GiÃ y Sneaker Nam Hot Trend 2020 Äi Há»c, Äi ChÆ¡i, Äi LÃ m Phong CÃ¡ch HÃ n Quá»‘c JAGUAR- 344",JAGUAR,96%,179.000 â‚«,100%,24.000 â‚«
No Brand,97%,3 - 7 ngÃ y,//vn-live-05.slatic.net/p/04aa55d86f1d2137ec9a44b22e38c87f.jpg_720x720q80.jpg_.webp,GiÃ y cao cá»• nam OFF phá»‘i mÃ u cá»±c kÃ¬ ná»•i báº­t máº«u má»›i 2020,GiayDep.98,96%,129.000 â‚«,98%,23.000 â‚«
No Brand,99%,3 - 8 ngÃ y,//vn-live-05.slatic.net/p/9ed947bdb0105e837f63e52a87e10689.jpg_720x720q80.jpg_.webp,GiÃ y SneakerğŸŒºFREESHIPğŸŒº Air Force 1 Tráº¯ng - AF1 Tráº¯ng Full Nam Ná»¯ - Hot trend 2021,Nghiá»n GiÃ y SNEAKER,95%,90.110 â‚«,100%,31.900 â‚«
No Brand,99%,3 - 8 ngÃ y,https://filebroker-s.slatic.net/S12525fbca49a44ee94d83203da8993520.jpg_720x720q80.jpg_.webp,"GiÃ y thá»ƒ thao nam , giÃ y sneaker thá»ƒ thao, Ä‘áº¿ má»m Ãªm chÃ¢n, thÃ­ch há»£p cháº¡y bá»™, táº­p thá»ƒ dá»¥c, táº­p gym",Panda - Giay Gia Re,98%,179.000 â‚«,100%,16.900 â‚«
No Brand,94%,3 - 7 ngÃ y,//vn-live-05.slatic.net/p/3216803518f57352922917be2b30abec.jpg_720x720q80.jpg_.webp,GiÃ y nam thá»i trang cao cá»• gÃ³t káº» mÃ u cÃ¡ tÃ­nh hot trend 2020,Máº¡nh Quang Shose,94%,75.000 â‚«,100%,23.000 â‚«
OEM,88%,8 - 17 ngÃ y,//my-live-05.slatic.net/p/82811243e3f48c75121620dffee34ca8.jpg_720x720q80.jpg_.webp,GiÃ y Thá»i Trang GiÃ y Cháº¡y Bá»™ Cho Nam GiÃ y ThÆ°á»ng NgÃ y Cho Nam GiÃ y Thá»ƒ Thao Cho Nam GiÃ y Thá»ƒ Thao Cho Nam Äi Bá»™,Excellent Price,92%,113.000 â‚«,100%,22.000 â‚«
No Brand,51%,3 - 7 ngÃ y,//vn-live-05.slatic.net/p/d854ca210615ee4ab6c343ece0c56aad.jpg_720x720q80.jpg_.webp,GiÃ y Yeezy 700 Static Pháº£n Quang - GiÃ y Sneaker Nam Ná»¯ Yezzy 700 Pháº£n Quang,Phá»¥ Kiá»‡n Sunny,91%,279.000 â‚«,KhÃ´ng Ä‘á»§ thÃ´ng tin,24.000 â‚«
No Brand,99%,3 - 7 ngÃ y,//vn-live-05.slatic.net/p/20da127125a01f406ebae31b750c11ef.jpg_720x720q80.jpg_.webp,"GiÃ y nam, giÃ y sneaker  thá»ƒ thao nam  pháº£n quang cao cáº¥p máº«u má»›i nháº¥t SP-346",GiÃ y avi 123,96%,139.000 â‚«,100%,24.000 â‚«
No Brand,100%,3 - 8 ngÃ y,//vn-live-05.slatic.net/p/1a863447917933ad47ca004377e6e163.jpg_720x720q80.jpg_.webp,(FREESHIP+ QUÃ€ Táº¶NG)GiÃ y Sneaker ALPHA 22020 SIÃŠU Cáº¤P   [FREESHIP+áº¢NH THáº¬T]  [Full Box] D&P HÃ€NG SIÃŠU Cáº¤P,D&P - HÃ€NG SIÃŠU Cáº¤P,87%,475.410 â‚«,100%,44.000 â‚«
No Brand,99%,3 - 7 ngÃ y,//vn-live-05.slatic.net/p/ccc30546c0de0f9d36a3a79076b7e24d.jpg_720x720q80.jpg_.webp,(2 MÃ u) GiÃ y sneaker thá»ƒ thao nam Ä‘áº¿ sá»c LOVE xu hÆ°á»›ng má»›i 2021,B end T Shop,93%,61.000 â‚«,97%,23.000 â‚«
No Brand,94%,3 - 7 ngÃ y,//vn-live-05.slatic.net/p/d49f4d4becff547c25f4f3f556cca763.jpg_720x720q80.jpg_.webp,GiÃ y Cao Cá»• Nam OFF White phá»‘i mÃ u cá»±c Ä‘áº¹p 2021,Máº¡nh Quang Shose,94%,143.000 â‚«,100%,23.000 â‚«
OEM,99%,3 - 7 ngÃ y,//vn-live-05.slatic.net/p/cb9bf6b66318c579001842dc8cbe33d1.jpg_720x720q80.jpg_.webp,GiÃ y Nam tÄƒng chiá»u cao 5cm - GiÃ y Sneaker Nam Hot 2020 - #V25,Solomon Shoes,93%,219.000 â‚«,95%,23.000 â‚«
No Brand,97%,3 - 7 ngÃ y,//vn-live-05.slatic.net/p/5889a11cfde4977971ec663d20e8d14b.jpg_720x720q80.jpg_.webp,GiÃ y cao cá»• nam EGM sang cháº£nh siÃªu Ä‘á»‰nh máº«u má»›i hottrend 2020,GiayDep.98,96%,124.000 â‚«,98%,23.000 â‚«
OEM,99%,3 - 7 ngÃ y,//vn-live-05.slatic.net/p/6faf6e1d0e6fe5874123a8a2fcf4a382.jpg_720x720q80.jpg_.webp,"GiÃ y nam, giÃ y sneaker siÃªu nháº¹ phiÃªn báº£n mÃ¹a hÃ¨ siÃªu thoÃ¡ng khÃ­ - fullsize - 3 mÃ u",Solomon Shoes,93%,120.300 â‚«,95%,40.000 â‚«
No Brand,99%,3 - 7 ngÃ y,//vn-live-05.slatic.net/p/5f45b999edd19a819b346b36520b2c3f.jpg_720x720q80.jpg_.webp,GiÃ y Thá»ƒ Thao Nam Ná»¯ HÃ n Quá»‘c SACAS,Quáº§n Ã¡o giÃ¡ ráº» REDHUNTER,89%,78.000 â‚«,96%,22.000 â‚«
Biti's,99%,3 - 7 ngÃ y,//vn-live-05.slatic.net/p/0eb29c2bb744f969597345ca38b8f166.jpg_720x720q80.jpg_.webp,GiÃ y Thá»ƒ Thao Nam & Ná»¯ DSMH02700DEN/DSWH02700DEN (Äen),VnBestShop,97%,590.000 â‚«,100%,24.000 â‚«
No Brand,97%,3 - 7 ngÃ y,//vn-live-05.slatic.net/p/fb84a3cc0768a1c5ffa54b9908c6943d.jpg_720x720q80.jpg_.webp,GiÃ y sneaker nam hÃ n quá»‘c tÄƒng chiá»u cao 5cm phong cÃ¡ch máº¡nh máº½ cÃ¡ tÃ­nh,GiayDep.98,96%,118.000 â‚«,98%,23.000 â‚«
No Brand,99%,3 - 7 ngÃ y,//vn-live-05.slatic.net/p/5b2b12af0101d6a8820e1ec9caf35b26.jpg_720x720q80.jpg_.webp,GiÃ y thá»ƒ thao nam táº­p gym cháº¡y bá»™ thá»ƒ dá»¥c Khang Sport giÃ y sneaker nam HÃ n Quá»‘c cá»• tháº¥p mÃ u xÃ¡m ráº» Ä‘en GOW,Khang Sport,94%,199.000 â‚«,96%,22.000 â‚«
No Brand,98%,3 - 8 ngÃ y,//vn-live-05.slatic.net/p/3708f299e86171485dee11fa6866404a.jpg_720x720q80.jpg_.webp,FULL BOX GiÃ y Sneaker Nam X-ZOOM [ MáºªU Má»šI 2021 ],T&T  SHOP,95%,235.000 â‚«,88%,31.900 â‚«
OEM,98%,3 - 7 ngÃ y,//vn-live-05.slatic.net/p/1259cc349d2ebcafc9f8ebcb39b7eb7b.png_720x720q80.jpg_.webp,GiÃ y sneaker nam ná»¯ Nike air force 1 tráº¯ng thá»ƒ thao nÄƒng Ä‘á»™ng / CAPRI Sneaker,CAPRI Sneaker,98%,320.000 â‚«,100%,27.000 â‚«
No Brand,98%,3 - 6 ngÃ y,//vn-live-05.slatic.net/p/bf40ecb775bb118767d5b22a191432bd.jpg_720x720q80.jpg_.webp,GiÃ y thá»ƒ thao nam mÃ u tráº¯ng áº£nh tháº­t,Thá»i Trang SÄ© BÃ¬nh DÆ°Æ¡ng,92%,58.000 â‚«,100%,18.700 â‚«
No Brand,100%,3 - 7 ngÃ y,//vn-live-05.slatic.net/p/5719a193cdfbde2b34d78097896d8ac9.jpg_720x720q80.jpg_.webp,GIÃ€Y SNEAKER THá»‚ THAO TÄ‚NG CHIá»€U CAO XVESSEL CAO Cá»” THáº¤P Cá»” CHO NAM VÃ€ Ná»® PHONG CÃCH TRáºº,quang vinh.,85%,213.640 â‚«,90%,23.000 â‚«
No Brand,96%,3 - 8 ngÃ y,//vn-live-05.slatic.net/p/43c81caad7cb97f25b1a603f14b9d174.jpg_720x720q80.jpg_.webp,"[GIÃ CTV] GiÃ y Vans LÆ°á»i Caro , Vans LÆ°á»i Slipon, Unisex Full sz Nam Ná»¯ 36-43",TÃº GiÃ y GiÃ¡ CTV,93%,115.000 â‚«,90%,31.900 â‚«
No Brand,99%,3 - 7 ngÃ y,//vn-live-05.slatic.net/p/d63d3b1f2a642d373f98e7b81097889a.jpg_720x720q80.jpg_.webp,GiÃ y thá»ƒ thao nam - giÃ y Sneaker nam thá»i trang mÃ u tráº¯ng AVISHOP SP - 394,GiÃ y avi 123,96%,129.000 â‚«,100%,24.000 â‚«
No Brand,99%,3 - 7 ngÃ y,//vn-live-05.slatic.net/p/59e3f134a7dfe14f802ecfa3ee7e9e91.jpg_720x720q80.jpg_.webp,"GiÃ y sneaker nam cao cáº¥p, giÃ y thá»ƒ thao máº«u má»›i Ä‘áº¹p hot 2022 AVI - 405",GiÃ y avi 123,96%,129.000 â‚«,100%,24.000 â‚«
No Brand,99%,3 - 8 ngÃ y,//vn-live-05.slatic.net/p/7f36841a276053a284e7c75d922c9751.jpg_720x720q80.jpg_.webp,Jd 1 Hyper Royal ğŸ”¥Mua há»™p Táº·ng GiÃ y ğŸ”¥Jordan 1 Hyper royal mÃ u xanh da lá»™n,Nghiá»n GiÃ y SNEAKER,95%,189.000 â‚«,100%,31.900 â‚«
No Brand,99%,3 - 7 ngÃ y,//vn-live-05.slatic.net/p/fb377294e666d96867f6fd1fb61800bb.jpg_720x720q80.jpg_.webp,GiÃ y nam thá»ƒ thao sneaker - cá»• ngáº¯n há»a tiáº¿t Ä‘en tráº¯ng,BHNT Shop,93%,89.000 â‚«,100%,23.000 â‚«
No Brand,100%,3 - 7 ngÃ y,//vn-live-05.slatic.net/p/460b0b514ec7fba0768743a90f370d35.jpg_720x720q80.jpg_.webp,GiÃ y Sneaker Nam Cháº¥t Váº£i Jeans Cao Cáº¥p TN97 - Äen,Roti Store,87%,99.000 â‚«,60%,22.000 â‚«
No Brand,99%,3 - 7 ngÃ y,//vn-live-05.slatic.net/p/b3bba1ee44903949dbfb19d524802f23.jpg_720x720q80.jpg_.webp,"GiÃ y nam, giÃ y  sneaker thá»ƒ thao nam phong cÃ¡ch hÃ n quá»‘c má»›i nháº¥t AVISHOP - 383",GiÃ y avi 123,96%,139.000 â‚«,100%,24.000 â‚«
No Brand,97%,3 - 7 ngÃ y,//vn-live-05.slatic.net/p/da98ce44adfe73a4017061348f1a24b6.jpg_720x720q80.jpg_.webp,GiÃ y nam sneaker Y3 hot 2021 viá»n pháº£n quang phong cÃ¡ch thá»i trang hiá»‡n Ä‘áº¡i,GiayDep.98,96%,154.000 â‚«,98%,40.000 â‚«
No Brand,31%,3 - 7 ngÃ y,//vn-live-05.slatic.net/p/ed8c773205b1f1834458263566a2eda3.jpg_720x720q80.jpg_.webp,"[Táº·ng Táº¥t + Full Há»™p] GiÃ y Thá»ƒ Thao SNEAKER Nam Ná»¯ Jordan1 Camo Cao Cá»• ,GiÃ y JOCDAN FORCE ONE CAMO HÃ³t Nháº¥t NÄƒm 2021",Roy135,88%,219.000 â‚«,KhÃ´ng Ä‘á»§ thÃ´ng tin,24.000 â‚«
No Brand,81%,3 - 7 ngÃ y,//vn-live-05.slatic.net/p/a45368fa69a5f6991bba60b50a243b52.jpg_720x720q80.jpg_.webp,GiÃ y Sneaker yz350 Ngá»±a Váº±n - GiÃ y Thá»ƒ Thao yz350 Ngá»±a Váº±n Nam Ná»¯ [Full Box],GiÃ y_Thá»ƒ_Thao 1595560229,97%,389.000 â‚«,88%,23.000 â‚«
No Brand,96%,3 - 8 ngÃ y,//vn-live-05.slatic.net/p/92429c5c3e76570d97567ba4a06b5799.jpg_720x720q80.jpg_.webp,"[GIÃ CTV] Tá»•ng Há»£p Nike Jordan Cá»• Cao CÃ¡c MÃ u, JD1 Mocha , Panda, Blue , BÃ³ng Giá»• cÃ¡c máº«u hoot trend , Full sz Nam Ná»¯ Full Boxx",TÃº GiÃ y GiÃ¡ CTV,93%,199.290 â‚«,90%,31.900 â‚«
No Brand,93%,3 - 8 ngÃ y,//vn-live-05.slatic.net/p/d96f3e72eaec8ea0daa52f6df154f250.jpg_720x720q80.jpg_.webp,"[Xuáº¥t DÆ°] GiÃ y Thá»ƒ Thao Nike CÃºc,Nike force 1, af1 MÃ u Má»›i Full sz Nam Ná»¯",SuSu-Shop 1,89%,159.000 â‚«,100%,56.100 â‚«
Biti's,99%,3 - 7 ngÃ y,//vn-live-05.slatic.net/p/fd4e64b9afe17b65331a632fd9981f4a.jpg_720x720q80.jpg_.webp,GiÃ y Thá»ƒ Thao   X The Midnight Black II - EXPERIENCE MIDNIGHT DSUH00500DEN (Äen),VnBestShop,97%,778.000 â‚«,100%,24.000 â‚«
No Brand,99%,3 - 7 ngÃ y,//vn-live-05.slatic.net/p/529798ff57d70752afc66ba41f495a3c.jpg_720x720q80.jpg_.webp,GiÃ y Sneaker Ã´ng giÃ   smith mÃ u tráº¯ng gÃ³t xanh,Bobe Store 688,92%,450.000 â‚«,100%,22.000 â‚«
No Brand,84%,3 - 8 ngÃ y,//vn-live-05.slatic.net/p/be0724d5aaaf617468b94abb1c55df5f.jpg_720x720q80.jpg_.webp,GIÃ€Y SNEAKER NAM D1 THá»‚ THAO THá»œI TRANG MáºªU Má»šI NHáº¤T 2021 ( MÃ€U XÃM VÃ€ RÃŠU ),karamen shop,96%,207.000 â‚«,100%,31.900 â‚«
No Brand,94%,3 - 7 ngÃ y,//vn-live-05.slatic.net/p/165cb724f0220dacf2d2cdeaa921e1b2.png_720x720q80.jpg_.webp,GIÃ€Y THá»‚ THAO NAM Ná»® ARI JODANNN 1 RETO HIGH OG-MÃ€U Má»šI NHáº¤T 2021,Camstore,93%,264.770 â‚«,97%,22.000 â‚«
OEM,100%,3 - 8 ngÃ y,//vn-live-05.slatic.net/p/d51a6c919f1b1c8525fb0bf353d45f29.jpg_720x720q80.jpg_.webp,GiÃ y Af1 Tráº¯ng Full ğŸğŸ GiÃ y Ni.Ke Tráº¯ng Thá»ƒ Thao Nam Ná»¯ GiÃ¡ Ráº»,shinnava,,25.400 â‚«,100%,31.900 â‚«
No Brand,99%,3 - 8 ngÃ y,//vn-live-05.slatic.net/p/40a1da4dea56186a0f94260d0890d96e.jpg_720x720q80.jpg_.webp,GiÃ y sneaker nam SiÃªu Hot max WOR - Hot Trend,HEROS VN,90%,69.000 â‚«,100%,44.000 â‚«
No Brand,99%,3 - 7 ngÃ y,//vn-live-05.slatic.net/p/465c28a166d454d3ef2d92bd85028e2b.jpg_720x720q80.jpg_.webp,"GiÃ y nam, giÃ y sneaker thá»ƒ thao nam tráº¯ng Viá»n Äen",Shop-MinhNhat,94%,89.000 â‚«,100%,23.000 â‚«
No Brand,98%,3 - 8 ngÃ y,//vn-live-05.slatic.net/p/1460c634563f767ef79fdcfd9c9d9d0e.jpg_720x720q80.jpg_.webp,GiÃ y Thá»ƒ Thao Nam - GiÃ y Sneaker Nam (GIÃ Cá»°C Sá»C) Adam ODR69,ZRO Fashion,91%,59.000 â‚«,100%,44.000 â‚«
No Brand,100%,3 - 8 ngÃ y,https://filebroker-s.slatic.net/Sc9a7aea2daa34be9bea4ef4f9c57c496G.jpg_720x720q80.jpg_.webp,dÃ©p quai ngang di&or thÃªu sáº£n pháº©m Æ°a chuá»™ng nháº¥t hiá»‡n nay,fashion 8888,97%,65.000 â‚«,98%,31.900 â‚«
ANCOM GL,98%,1 - 5 ngÃ y,//vn-live-05.slatic.net/p/6304fb1cfde8123fb483830af041ce47.png_720x720q80.jpg_.webp,GiÃ y Thá»ƒ Thao Phong CÃ¡ch Sneaker nam mÃ£ sá»‘ 40-39-36-48-53-35,Laptop Ancom (Tp.HCM),77%,58.889 â‚«,KhÃ´ng Ä‘á»§ thÃ´ng tin,12.900 â‚«
No Brand,99%,3 - 8 ngÃ y,//vn-live-05.slatic.net/p/e0a2c1ce0471ae3ea3444dbed53fa4cb.jpg_720x720q80.jpg_.webp,GiÃ y sneaker nam HERO'S HÃ n Quá»‘c JAC má»›i nháº¥t (GiÃ¡ Há»§y Diá»‡t),HEROS VN,90%,99.000 â‚«,100%,44.000 â‚«
No Brand,99%,3 - 7 ngÃ y,//vn-live-05.slatic.net/p/8c73a3e1b9bfca0719bbbc69135502d0.jpg_720x720q80.jpg_.webp,(Video Tháº­t) GiÃ y nam - giÃ y thá»ƒ thao sneaker nam - mÃ u be AIR,Sudoo,94%,270.000 â‚«,98%,18.000 â‚«
No Brand,100%,1 - 5 ngÃ y,//vn-live-05.slatic.net/p/13579be0a49f28a7b82bae9908c58ac8.jpg_720x720q80.jpg_.webp,"[CÃ“ Báº¢NG SIZE] GiÃ y thá»ƒ thao Style 36 Sá»c Äá» - GiÃ y thá»ƒ thao, GiÃ y nam ná»¯, GiÃ y thá»i trang, GiÃ y sneaker - RED APPLE SHOP",redapple,97%,199.000 â‚«,100%,13.900 â‚«
No Brand,98%,3 - 7 ngÃ y,//vn-live-05.slatic.net/p/a7a33b3745ced984fe03aff0906cdec7.jpg_720x720q80.jpg_.webp,1F03 GiÃ y thá»ƒ thao nam SUPEROR,Kim Báº£o KhÃ¡nh,96%,79.999 â‚«,54%,22.000 â‚«
No Brand,99%,3 - 7 ngÃ y,//vn-live-05.slatic.net/p/f25ad752c7a372c447e38f0333262eb3.jpg_720x720q80.jpg_.webp,"GiÃ y nam, giÃ y sneaker nam cá»• tháº¥p buá»™c dÃ¢y thÃ´ng thÆ°á»ng, thá»i trang phÃ©p tÃ­nh sá»‘ hiá»‡n Ä‘áº¡i cÃ¡ tÃ­nh ZATA - ZP012",ZATA STORE,97%,137.000 â‚«,100%,22.000 â‚«
OEM,93%,3 - 8 ngÃ y,//vn-live-05.slatic.net/p/c877c3cd2a975fd6769e0b9198625a24.jpg_720x720q80.jpg_.webp,GiaÌ€Y Vans Caro Slipon LÆ°á»i Viá»n Tráº¯ng Nam Ná»¯ 2021 Full Box Bill,October Shop,94%,89.000 â‚«,95%,31.900 â‚«
Choose,99%,1 - 5 ngÃ y,//vn-live-05.slatic.net/original/1060be2051a87d0b04adb362d947e13b.jpg_720x720q80.jpg_.webp,[HCM](Giao HÃ ng Nhanh) Bata Nam GiÃ y Má»i GiÃ y LÆ°á»i Váº£i MÃ u Tráº¯ng Äen Phong CÃ¡ch Hot 2018 0202,Choose Viá»‡t Nam,96%,79.000 â‚«,100%,12.900 â‚«
No Brand,99%,3 - 8 ngÃ y,//vn-live-05.slatic.net/p/e2a52688a88b0d23f1ade4b6d410f8de.jpg_720x720q80.jpg_.webp,"GiÃ y nam ná»¯ sneaker tháº¥p cá»• - 2VAT02, cháº¥t liá»‡u váº£i siá»u bá»n, má»m máº¡i thoÃ¡ng khÃ­, Ä‘áº¿ cao su cao 2,5 cm chá»‘ng trÆ¡n trÆ°á»£t, size tá»« 35 - 43 - Dozimax store",GiÃ y nam ná»¯ - Chimo ,94%,139.000 â‚«,100%,31.900 â‚«
Biti's,99%,3 - 8 ngÃ y,//vn-live-05.slatic.net/p/4f66d5e88bef4cbc79d811a30ee2d2c9.jpg_720x720q80.jpg_.webp,GiÃ y Thá»ƒ Thao Nam Bitis Hunter X 2k19 - Jet Black DSMH02200DEN,Biti's store,99%,762.850 â‚«,100%,55.000 â‚«
No Brand,98%,3 - 7 ngÃ y,//vn-live-05.slatic.net/p/05b0fc9cbebb1ef88daad12f13a45ef4.jpg_720x720q80.jpg_.webp,GiÃ y thá»ƒ thao nam 2021 cao cáº¥p HÃ³t Trend Phong CÃ¡ch HÃ n Quá»‘c LEMA Store,LEMA Store,95%,159.000 â‚«,100%,22.000 â‚«
Biti's,98%,1 - 5 ngÃ y,//vn-live-05.slatic.net/p/ba978788811364c06feff07556e42323.jpg_720x720q80.jpg_.webp,GiÃ y Thá»ƒ Thao Cao Cáº¥p Nam/Ná»¯ Biti's Hunter X 2K21 Army Green DSMH05100REU/DSWH05100REU  (RÃªu),Biti's,98%,879.000 â‚«,98%,13.900 â‚«
Adidas,69%,1 - 5 ngÃ y,//laz-img-sg.alicdn.com/p/d051863d4a5028f5980844f5796bf455.jpg_720x720q80.jpg_.webp,adidas ORIGINALS NMD R1 Shoes Men White GZ7944,adidas,95%,3.600.000 â‚«,99%,13.900 â‚«
No Brand,99%,3 - 8 ngÃ y,//vn-live-05.slatic.net/p/756076e100046fe4c4515e907300b89e.jpg_720x720q80.jpg_.webp,GiÃ y ğŒğœğªğ®ğğğ§ âš¡ï¸Tá»•ng Khoâš¡ï¸ GiÃ y thá»ƒ thao tráº¯ng MC Queen GÃ³t Nhung Äá»™n Äáº¿ Nam Ná»¯ hÃ ng cao cáº¥p,Tá»•ng Kho Sá»‰ GiÃ y DÃ©p 19 ,95%,99.000 â‚«,100%,31.900 â‚«
No Brand,86%,3 - 7 ngÃ y,//vn-live-05.slatic.net/p/9cf947481586d2e614f32f24fe5b1b83.jpg_720x720q80.jpg_.webp,"GIÃ€Y THá»‚ THAO NAM, GIÃ€Y SNEAKER NAM TRáº®NG Sá»ŒC BÃŠN ÄÃNH Há»” KIM LOáº I HÃ€NG CHáº¤T, Äá»ˆNH CAO CHO CÃC Báº N TRáºº",giay nam han quoc,92%,75.000 â‚«,90%,23.000 â‚«
No Brand,97%,3 - 7 ngÃ y,//vn-live-05.slatic.net/p/c0e75e3d69f27eacb11e0eb224ff1228.jpg_720x720q80.jpg_.webp,giÃ y thá»ƒ thao nam BGV12,giÃ y dÃ©p ráº» vÃ  Ä‘áº¹p,98%,149.000 â‚«,100%,24.000 â‚«
No Brand,38%,3 - 7 ngÃ y,//vn-live-05.slatic.net/p/3f0afe38598a49b656a96c22981ecb9a.jpg_720x720q80.jpg_.webp,"GiÃ y MLB Boston Cao Cáº¥p Nam, Ná»¯ - GiÃ y Thá»ƒ Thao MLB MÃ u Tráº¯ng",ChymChyu,100%,410.000 â‚«,100%,29.000 â‚«
OEM,99%,3 - 7 ngÃ y,//vn-live-05.slatic.net/p/39c71587e0eaf3a5b1408075d1154705.jpg_720x720q80.jpg_.webp,GiÃ y Nam Thá»ƒ Thao Phong CÃ¡ch HÃ n Quá»‘c - S035,Solomon Shoes,93%,130.000 â‚«,95%,40.000 â‚«
OEM,100%,3 - 8 ngÃ y,//vn-live-05.slatic.net/p/8455b25793a8a8b265ebcd257c306533.jpg_720x720q80.jpg_.webp,"GiÃ y thá»ƒ thao ADIDAS  siÃªu hÃ³t, giÃ y nam thá»ƒ thao, giÃ y cháº¡y bá»™, phÃ¹ há»£p Ä‘i lÃ m, Ä‘i chÆ¡i, thoÃ¡ng khÃ­, hÃºt má»“ hÃ´i chÃ¢n cá»±c tá»‘t",CHERYY-PG Shop,100%,279.000 â‚«,100%,29.000 â‚«
OEM,100%,3 - 8 ngÃ y,//vn-live-05.slatic.net/p/36952cca72d5d2954c1be6657935cc66.jpg_720x720q80.jpg_.webp,"GiÃ y thá»ƒ thao nam, giÃ y nam thá»ƒ thao, giÃ y Sneaker nam phÃ¹ há»£p vá»›i Ä‘i lÃ m, Ä‘i chÆ¡i, Cheryy",CHERYY-PG Shop,100%,192.000 â‚«,100%,44.000 â‚«
No Brand,94%,3 - 7 ngÃ y,//vn-live-05.slatic.net/p/4af63cdfa65b369453f02df9e6cf52e9.jpg_720x720q80.jpg_.webp,"GiÃ y lÆ°á»i, GiÃ y Slip On Nam cÃ¡ tÃ­nh",Bon Candy (HÃ  Ná»™i),92%,169.000 â‚«,94%,22.000 â‚«
No Brand,97%,3 - 7 ngÃ y,//vn-live-05.slatic.net/p/d157a1104470b252d5e4f7e4257e09fc.jpg_720x720q80.jpg_.webp,GiÃ y thá»ƒ thao nam Sup BHM,giÃ y dÃ©p ráº» vÃ  Ä‘áº¹p,98%,177.000 â‚«,100%,22.000 â‚«
No Brand,18%,11 - 18 ngÃ y,https://filebroker-s.slatic.net/Se819044adf3a43d8af0250759b4ec09cb.jpg_720x720q80.jpg_.webp,Há»— Trá»£ Erke HÃ ng Hiá»‡u MÃ¹a ÄÃ´ng Giáº§y Nam MÃ¹a Thu MarathonÂ  Giáº§y Thá»ƒ Thao Nhiá»u Kiá»ƒu Phá»‘i Äá»“ Máº·t LÆ°á»›i Cháº¡y Bá»™ ThÃ´ng Dá»¥ng Thá»§y Triá»u,TAO Gentlemen Shoes,95%,684.000 â‚«,76%,22.000 â‚«
OEM,99%,3 - 8 ngÃ y,//vn-live-05.slatic.net/p/1f3deb8285344c29d54f84d1e5e72537.jpg_720x720q80.jpg_.webp,GiÃ y sneaker nam HERO'S SiÃªu Hot  mÃ£ 3C - Hot Trend -Xu HÆ°á»›ng Má»›i Nháº¥t,HEROS VN,90%,76.500 â‚«,100%,44.000 â‚«
No Brand,100%,3 - 7 ngÃ y,//vn-live-05.slatic.net/p/50f7d165f6de8e0c395a6efd90cee641.jpg_720x720q80.jpg_.webp,GiÃ y thá»ƒ thao nam LACOT da bÃ² cao cáº¥p hÃ ng vnxk tráº» Ä‘áº¹p,quang vinh.,85%,315.000 â‚«,90%,23.000 â‚«
No Brand,18%,11 - 18 ngÃ y,https://filebroker-s.slatic.net/S38ee1cceb6064380b3a271d4611ce606d.jpg_720x720q80.jpg_.webp,BÃ­t Táº¥t Dá»‡t Phi Giáº§y Nam 2021 Máº«u Má»›i GiÃ y LÆ°á»›i NgÆ°á»i LÆ°á»i Váº­n Äá»™ng Máº¯c CÃ¡ ChÃ¢n KhÃ´ng DÃ¢y GiÃ y Thá»i Trang LÃ¡i Xe MÃ¹a Thu MÃ¹a ÄÃ´ng,TAO Gentlemen Shoes,95%,397.000 â‚«,76%,22.000 â‚«
No Brand,86%,3 - 7 ngÃ y,//vn-live-05.slatic.net/p/a8b79d2fb4d0b4646c76483c75fc2c97.jpg_720x720q80.jpg_.webp,"GIÃ€Y THá»‚ THAO NAM, GIÃ€Y SNEAKER NAM CAO Cá»” OFF PHá»I Äá» TRáº®NG THá»œI TRANG TRáºº, KIá»‚U DÃNG HOTTREND 2021 GIÃ€Y HÃ€N QUá»C",giay nam han quoc,92%,125.000 â‚«,90%,23.000 â‚«
No Brand,98%,3 - 7 ngÃ y,//vn-live-05.slatic.net/p/c4cd59d49266a6910cf7dc1663123a14.jpg_720x720q80.jpg_.webp,GiÃ y thá»ƒ thao nam sneaker 2021 Phong CÃ¡ch HÃ n Quá»‘c PhÃ¹ Há»£p Má»i Dá»‹p,LEMA Store,95%,159.000 â‚«,100%,22.000 â‚«
Pedro,99%,1 - 5 ngÃ y,//vn-live-05.slatic.net/p/4461eabf8afa1360a13965229d7b5cab.jpg_720x720q80.jpg_.webp,PEDRO - GiÃ y thá»ƒ thao nam Chunky PM1-76210165-03,PEDRO,94%,1.999.000 â‚«,100%,12.900 â‚«
No Brand,85%,3 - 7 ngÃ y,//vn-live-05.slatic.net/p/815e1b3305829c03fbc6eb3d9295c0a7.jpg_720x720q80.jpg_.webp,GiÃ y Senaker LV Tráº¯ng Da BÃ² 100% Ä‘áº¿ Cao Su Cao Cáº¥p TÄƒng Chiá»u Cao - GiÃ y LV Tráº¯ng Cho Nam,Aman shoes ,100%,299.000 â‚«,100%,23.000 â‚«
Sunzin,90%,1 - 5 ngÃ y,//vn-live-05.slatic.net/p/aa24ff3feb82a9c4937b7b6fd89760ab.jpg_720x720q80.jpg_.webp,Sunzin.HCM Free tá»« 99k- GV155 - GiÃ y cáº·p nam ná»¯ thoÃ¡ng khÃ­  - GiÃ y Ä‘Ã´i UyÃªn Æ¯Æ¡ng - GiÃ y lÆ°á»i nam ná»¯ / giÃ y sinh viÃªn / giÃ y váº£i nam / dÃ¢y lÆ°ng nam / vÃ­ nam,Sunzin.HCM,88%,84.000 â‚«,100%,12.900 â‚«
No Brand,18%,11 - 18 ngÃ y,https://filebroker-s.slatic.net/Sd23a4bb63b8d458899f5584655febcdeA.jpg_720x720q80.jpg_.webp,GiÃ y Nam MÃ¹a Thu 2021 NÄƒm Máº«u Má»›i Tráº¯ng GiÃ y LÆ°á»i Kiá»ƒu HÃ n Quá»‘c Thá»‹nh HÃ nh Nhiá»u Kiá»ƒu Phá»‘i Äá»“ GiÃ y Äáº¿ Báº±ng Äáº¿ DÃ y ThoÃ¡ng KhÃ­ GiÃ y Tráº¯ng Form Nhá»,TAO Gentlemen Shoes,95%,781.000 â‚«,76%,22.000 â‚«
OEM,93%,3 - 7 ngÃ y,//vn-live-05.slatic.net/p/d9a0f9904a95909e3051c062bbf5b0f9.jpg_720x720q80.jpg_.webp,GiÃ y Sneaker EQT Bask [Fullbox + Bill],Tá»•ng Kho SNEAKER HÃ  Ná»™i,94%,367.000 â‚«,75%,22.000 â‚«
Biti's,100%,1 - 5 ngÃ y,//vn-live-05.slatic.net/p/3d8412bc93e113cd9b88769fc898ce77.jpg_720x720q80.jpg_.webp,GiÃ y Thá»ƒ Thao Cao Cáº¥p Nam Biti's Hunter X Classik Grey DSMH06500XAM,An TÃ­n Store,99%,849.000 â‚«,100%,12.900 â‚«
No Brand,18%,11 - 18 ngÃ y,https://filebroker-s.slatic.net/Sd16a3a2b28ec40d59dbc33e9eba637bdJ.jpg_720x720q80.jpg_.webp,2021 MÃ¹a Thu Warrior Giáº§y Nam Äen GiÃ y Äáº¿ Báº±ng Äáº¿ Má»m Váº­n Äá»™ng ThÃ´ng Dá»¥ng Kiá»ƒu HÃ n Quá»‘c Thá»‹nh HÃ nh Nhiá»u Kiá»ƒu Phá»‘i Äá»“ Máº·t Da Chá»‘ng NÆ°á»›c Chá»‘ng TrÆ°á»£t,TAO Gentlemen Shoes,95%,324.000 â‚«,76%,22.000 â‚«
No Brand,99%,3 - 7 ngÃ y,//vn-live-05.slatic.net/p/0898d3226ea66d19e19dde68da8b8e27.jpg_720x720q80.jpg_.webp,"Táº¥t Nike, Das , Mizu dá»‡t kim cao cá»• nam ná»¯ , vá»› thá»ƒ thao hÃ ng gia cÃ´ng cháº¥t lÆ°á»£ng cao",XÆ°á»Ÿng May HKT,,15.000 â‚«,85%,22.000 â‚«
OEM,99%,3 - 7 ngÃ y,//vn-live-05.slatic.net/p/772d783ec356568c2b21c42cfb02354f.jpg_720x720q80.jpg_.webp,GiÃ y thá»ƒ thao nam sneaker SÃšP TREND CULTURE HOÃ€NG HÃ€ 888,HOÃ€NG HÃ€ 888,96%,159.000 â‚«,91%,22.000 â‚«
OEM,97%,3 - 7 ngÃ y,//vn-live-05.slatic.net/p/d52b398972e7c1a33eda5ccf525868bc.jpg_720x720q80.jpg_.webp,"GiÃ y nam, GiÃ y thá»ƒ thao nam, GiÃ y Sneaker Nam 2021 tÄƒng chiá»u cao",AORON XPLUS,,159.000 â‚«,80%,24.000 â‚«
No Brand,18%,11 - 18 ngÃ y,https://filebroker-s.slatic.net/S823a15f76a0c4767936d00c72cd6ee84O.jpg_720x720q80.jpg_.webp,2021 MÃ¹a Thu MÃ u Tráº¯ng Tinh Khiáº¿t Giáº§y Thá»ƒ Thao Giáº§y Nam ThoÃ¡ng KhÃ­ Cháº¡y Bá»™ GiÃ y LÆ°á»i Máº·t Da GiÃ y LÆ°á»›i Há»c Sinh Du Lá»‹ch GiÃ y Cháº¡y MÃ¹a HÃ¨,TAO Gentlemen Shoes,95%,353.000 â‚«,76%,22.000 â‚«
No Brand,18%,11 - 18 ngÃ y,https://filebroker-s.slatic.net/S74a12074587849cabab075c229ad4c74M.jpg_720x720q80.jpg_.webp,ChÃ¢u Ã‚u Giáº§y Nam Phá»¥c Cá»• Putian G NhÃ  Báº©n Báº©n Máº«u GiÃ nh Cho Nam MÃ¹a HÃ¨ ThoÃ¡ng KhÃ­ Thá»‹nh HÃ nh GiÃ y Äáº¿ Báº±ng Nam GiÃ y Báº©n Nhá» Thá»§y Triá»u,TAO Gentlemen Shoes,95%,823.000 â‚«,76%,22.000 â‚«
Biti's,99%,3 - 8 ngÃ y,//vn-live-05.slatic.net/p/8b8de641cfa2ef50ab2c4b4fd33af257.jpg_720x720q80.jpg_.webp,GiÃ y thá»ƒ thao ná»¯ Biti's Hunter street DSWH043TRG,Biti's store,99%,635.550 â‚«,100%,56.100 â‚«
No Brand,99%,3 - 7 ngÃ y,//vn-live-05.slatic.net/p/c486a83237a6b9b9d3a8df321a29ff51.jpg_720x720q80.jpg_.webp,"GiÃ y nam, giay thá»ƒ thao nam, giÃ y Ä‘i lÃ m thá»i trang HÃ n Quá»‘c ZATA - ZTS02",ZATA STORE,97%,197.000 â‚«,100%,22.000 â‚«
Choose,99%,1 - 5 ngÃ y,//vn-live-05.slatic.net/original/9203a1935c9f39718c73b87b6ce73241.jpg_720x720q80.jpg_.webp,[HCM](HÃ€NG NHÆ¯ HÃŒNH) GiÃ y Äá»‘c Nam GiÃ y Buá»™c DÃ¢y GiÃ y DR Thá»ƒ Thao CÃ´ng Sá»Ÿ TÄƒng Chiá»u Cao 2604,Choose Viá»‡t Nam,96%,99.000 â‚«,100%,12.900 â‚«
OEM,93%,3 - 6 ngÃ y,//vn-live-05.slatic.net/p/8f77bc219f4eddb23bb768dc5f6b1431.jpg_720x720q80.jpg_.webp,GiÃ y thá»ƒ thao Xiaomi Mijia Retro Ä‘áº¿ BOOST SiÃªu ÃŠm (CÃ³ áº£nh tháº­t),1994's STORES,80%,999.000 â‚«,90%,18.700 â‚«
OEM,93%,3 - 7 ngÃ y,//vn-live-05.slatic.net/p/4e139265eab84bfba51c38dd509bba19.jpg_720x720q80.jpg_.webp,GiÃ y Sneaker Air Force 1 ( AF1 ) [Fullbox+Bill],Tá»•ng Kho SNEAKER HÃ  Ná»™i,94%,469.000 â‚«,75%,22.000 â‚«
Domba,50%,1 - 5 ngÃ y,https://filebroker-s.slatic.net/S5a2a99783ff64cfb9e2a71370483b686e.jpg_720x720q80.jpg_.webp,Domba Germany Trainer (Whitelt.Grey) (cÃ³ sáºµn),Peony auth,,860.000 â‚«,100%,16.500 â‚«
No Brand,87%,3 - 7 ngÃ y,//vn-live-05.slatic.net/p/ddbf4a099aecbca230418f7fad754eea.jpg_720x720q80.jpg_.webp,??FULL BOX?? GiÃ y Sneaker E.Q.T Tráº¯ng Pháº£n Quang - GiÃ y Thá»ƒ Thao E.Q.T Tráº¯ng Pháº£n Quang Nam Ná»¯,may_sneakers,96%,405.000 â‚«,100%,23.000 â‚«
